-- モンスター属性マスタへのデータ挿入
INSERT INTO M_MONSTER_ATTRIBUTE (MONSTER_ATTRIBUTE_ID, MONSTER_ATTRIBUTE_NAME, CREATED_BY) VALUES (1, '火', 'nori');
INSERT INTO M_MONSTER_ATTRIBUTE (MONSTER_ATTRIBUTE_ID, MONSTER_ATTRIBUTE_NAME, CREATED_BY) VALUES (2, '水', 'nori');
INSERT INTO M_MONSTER_ATTRIBUTE (MONSTER_ATTRIBUTE_ID, MONSTER_ATTRIBUTE_NAME, CREATED_BY) VALUES (3, '風', 'nori');
INSERT INTO M_MONSTER_ATTRIBUTE (MONSTER_ATTRIBUTE_ID, MONSTER_ATTRIBUTE_NAME, CREATED_BY) VALUES (4, '土', 'nori');

-- モンスタータイプマスタへのデータ挿入
INSERT INTO M_MONSTER_TYPE (MONSTER_TYPE_ID, MONSTER_TYPE_NAME, CREATED_BY) VALUES (1, 'ドラゴン', 'nori');
INSERT INTO M_MONSTER_TYPE (MONSTER_TYPE_ID, MONSTER_TYPE_NAME, CREATED_BY) VALUES (2, 'フェアリー', 'nori');
INSERT INTO M_MONSTER_TYPE (MONSTER_TYPE_ID, MONSTER_TYPE_NAME, CREATED_BY) VALUES (3, '獣', 'nori');
INSERT INTO M_MONSTER_TYPE (MONSTER_TYPE_ID, MONSTER_TYPE_NAME, CREATED_BY) VALUES (4, 'アンデッド', 'nori');

-- プレイヤーマスタへのデータ挿入
INSERT INTO M_PLAYER (PLAYER_ID, PLAYER_NAME, LV, EXPERIENCE, CREATED_BY) VALUES (1, 'のり', 1, 0, 'nori');
INSERT INTO M_PLAYER (PLAYER_ID, PLAYER_NAME, LV, EXPERIENCE, CREATED_BY) VALUES (2, 'ひろき', 1, 0, 'nori');
INSERT INTO M_PLAYER (PLAYER_ID, PLAYER_NAME, LV, EXPERIENCE, CREATED_BY) VALUES (3, 'さき', 1, 0, 'nori');
INSERT INTO M_PLAYER (PLAYER_ID, PLAYER_NAME, LV, EXPERIENCE, CREATED_BY) VALUES (4, 'まさみ', 1, 0, 'nori');

-- モンスターマスタにデータを挿入
INSERT INTO M_MONSTER (MONSTER_ID, PLAYER_ID, MONSTER_TYPE_ID, MONSTER_ATTRIBUTE_ID, MONSTER_IMG_ID, MONSTER_NAME, LV, IMG_FILE_NAME, CREATED_BY)
VALUES (1, 1, 1, 1, 1, 'ファイヤーモンスター', 1, 'm1.png', 'nori');

INSERT INTO M_MONSTER (MONSTER_ID, PLAYER_ID, MONSTER_TYPE_ID, MONSTER_ATTRIBUTE_ID, MONSTER_IMG_ID, MONSTER_NAME, LV, IMG_FILE_NAME, CREATED_BY)
VALUES (2, 1, 2, 2, 2, 'ウォーターモンスター', 1, 'm2.png', 'nori');

INSERT INTO M_MONSTER (MONSTER_ID, PLAYER_ID, MONSTER_TYPE_ID, MONSTER_ATTRIBUTE_ID, MONSTER_IMG_ID, MONSTER_NAME, LV, IMG_FILE_NAME, CREATED_BY)
VALUES (3, 1, 3, 1, 3, 'グラストモンスター', 1, 'm3.png', 'nori');

INSERT INTO M_MONSTER (MONSTER_ID, PLAYER_ID, MONSTER_TYPE_ID, MONSTER_ATTRIBUTE_ID, MONSTER_IMG_ID, MONSTER_NAME, LV, IMG_FILE_NAME, CREATED_BY)
VALUES (4, 1, 1, 3, 4, 'エアーモンスター', 1, 'm4.png', 'nori');

INSERT INTO M_MONSTER (MONSTER_ID, PLAYER_ID, MONSTER_TYPE_ID, MONSTER_ATTRIBUTE_ID, MONSTER_IMG_ID, MONSTER_NAME, LV, IMG_FILE_NAME, CREATED_BY)
VALUES (5, 1, 2, 1, 5, 'テラーモンスター', 1, 'm5.png', 'nori');

commit;
