-- モンスターマスタにデータを挿入
INSERT INTO M_MONSTER (MONSTER_ID, PLAYER_ID, MONSTER_TYPE_ID, MONSTER_ATTRIBUTE_ID, MONSTER_IMG_ID, MONSTER_NAME, LV, IMG_FILE_NAME, CREATED_BY, HP, MP, HP_MAX, MP_MAX, ATTACK_POWER, DEFENSE_POWER, MAGIC_ATTACK, MAGIC_HEALING, STRENGTH, DEFENSE, AGILITY, DEXTERITY)
VALUES (1, 1, 1, 1, 1, 'もふもふファイヤー', 1, 'm1.png', 'nori', 30, 10, 30, 10, 5, 3, 4, 2, 6, 2, 4, 3);

INSERT INTO M_MONSTER (MONSTER_ID, PLAYER_ID, MONSTER_TYPE_ID, MONSTER_ATTRIBUTE_ID, MONSTER_IMG_ID, MONSTER_NAME, LV, IMG_FILE_NAME, CREATED_BY, HP, MP, HP_MAX, MP_MAX, ATTACK_POWER, DEFENSE_POWER, MAGIC_ATTACK, MAGIC_HEALING, STRENGTH, DEFENSE, AGILITY, DEXTERITY)
VALUES (2, 1, 2, 2, 2, 'ゲレゲレウォーター', 1, 'm2.png', 'nori', 28, 12, 28, 12, 4, 4, 3, 3, 5, 3, 5, 4);

INSERT INTO M_MONSTER (MONSTER_ID, PLAYER_ID, MONSTER_TYPE_ID, MONSTER_ATTRIBUTE_ID, MONSTER_IMG_ID, MONSTER_NAME, LV, IMG_FILE_NAME, CREATED_BY, HP, MP, HP_MAX, MP_MAX, ATTACK_POWER, DEFENSE_POWER, MAGIC_ATTACK, MAGIC_HEALING, STRENGTH, DEFENSE, AGILITY, DEXTERITY)
VALUES (3, 1, 3, 1, 3, 'ふわふわグラスト', 1, 'm3.png', 'nori', 25, 8, 25, 8, 3, 2, 5, 1, 4, 1, 6, 2);

INSERT INTO M_MONSTER (MONSTER_ID, PLAYER_ID, MONSTER_TYPE_ID, MONSTER_ATTRIBUTE_ID, MONSTER_IMG_ID, MONSTER_NAME, LV, IMG_FILE_NAME, CREATED_BY, HP, MP, HP_MAX, MP_MAX, ATTACK_POWER, DEFENSE_POWER, MAGIC_ATTACK, MAGIC_HEALING, STRENGTH, DEFENSE, AGILITY, DEXTERITY)
VALUES (4, 1, 1, 3, 4, 'ぷくぷくエアー', 1, 'm4.png', 'nori', 27, 9, 27, 9, 4, 5, 3, 2, 5, 2, 4, 3);

INSERT INTO M_MONSTER (MONSTER_ID, PLAYER_ID, MONSTER_TYPE_ID, MONSTER_ATTRIBUTE_ID, MONSTER_IMG_ID, MONSTER_NAME, LV, IMG_FILE_NAME, CREATED_BY, HP, MP, HP_MAX, MP_MAX, ATTACK_POWER, DEFENSE_POWER, MAGIC_ATTACK, MAGIC_HEALING, STRENGTH, DEFENSE, AGILITY, DEXTERITY)
VALUES (5, 1, 2, 1, 5, 'わくわくテラー', 1, 'm5.png', 'nori', 26, 11, 26, 11, 5, 3, 4, 2, 6, 3, 5, 2);

-- モンスター属性マスタへのデータ挿入
INSERT INTO M_MONSTER_ATTRIBUTE (MONSTER_ATTRIBUTE_ID, MONSTER_ATTRIBUTE_NAME, CREATED_BY) VALUES (1, '火', 'nori');
INSERT INTO M_MONSTER_ATTRIBUTE (MONSTER_ATTRIBUTE_ID, MONSTER_ATTRIBUTE_NAME, CREATED_BY) VALUES (2, '水', 'nori');
INSERT INTO M_MONSTER_ATTRIBUTE (MONSTER_ATTRIBUTE_ID, MONSTER_ATTRIBUTE_NAME, CREATED_BY) VALUES (3, '風', 'nori');
INSERT INTO M_MONSTER_ATTRIBUTE (MONSTER_ATTRIBUTE_ID, MONSTER_ATTRIBUTE_NAME, CREATED_BY) VALUES (4, '土', 'nori');

-- モンスタータイプマスタへのデータ挿入
INSERT INTO M_MONSTER_TYPE (MONSTER_TYPE_ID, MONSTER_TYPE_NAME, CREATED_BY) VALUES (1, 'ドラゴン', 'nori');
INSERT INTO M_MONSTER_TYPE (MONSTER_TYPE_ID, MONSTER_TYPE_NAME, CREATED_BY) VALUES (2, 'フェアリー', 'nori');
INSERT INTO M_MONSTER_TYPE (MONSTER_TYPE_ID, MONSTER_TYPE_NAME, CREATED_BY) VALUES (3, '獣', 'nori');
INSERT INTO M_MONSTER_TYPE (MONSTER_TYPE_ID, MONSTER_TYPE_NAME, CREATED_BY) VALUES (4, 'アンデッド', 'nori');

-- プレイヤーマスタへのデータ挿入
INSERT INTO M_PLAYER (PLAYER_ID, PLAYER_NAME, LV, EXPERIENCE, CREATED_BY) VALUES (1, 'のり', 1, 0, 'nori');
INSERT INTO M_PLAYER (PLAYER_ID, PLAYER_NAME, LV, EXPERIENCE, CREATED_BY) VALUES (2, 'ひろき', 1, 0, 'nori');
INSERT INTO M_PLAYER (PLAYER_ID, PLAYER_NAME, LV, EXPERIENCE, CREATED_BY) VALUES (3, 'さき', 1, 0, 'nori');
INSERT INTO M_PLAYER (PLAYER_ID, PLAYER_NAME, LV, EXPERIENCE, CREATED_BY) VALUES (4, 'まさみ', 1, 0, 'nori');

commit;
