-- モンスターマスタにデータを挿入
INSERT INTO ORACLE_USER.M_MONSTER 
(MONSTER_ID, PLAYER_ID, MONSTER_TYPE_ID, MONSTER_ATTRIBUTE_ID, MONSTER_IMG_ID, MONSTER_NAME, IMG_FILE_NAME, LV, EXPERIENCE, HP, MP, HP_MAX, MP_MAX, ATTACK_POWER, DEFENSE_POWER, MAGIC_ATTACK, MAGIC_HEALING, STRENGTH, DEFENSE, AGILITY, DEXTERITY, CREATED_BY, CREATED_AT, UPDATED_BY, UPDATED_AT)
VALUES 
(1, 1, 1, 1, 1, 'sabasaba', 'm1.png', 1, 0, 20, 0, 20, 0, 200, 3, 4, 2, 6, 2, 4, 3, 'nori', SYSDATE, null, SYSDATE);

INSERT INTO ORACLE_USER.M_MONSTER 
(MONSTER_ID, PLAYER_ID, MONSTER_TYPE_ID, MONSTER_ATTRIBUTE_ID, MONSTER_IMG_ID, MONSTER_NAME, IMG_FILE_NAME, LV, EXPERIENCE, HP, MP, HP_MAX, MP_MAX, ATTACK_POWER, DEFENSE_POWER, MAGIC_ATTACK, MAGIC_HEALING, STRENGTH, DEFENSE, AGILITY, DEXTERITY, CREATED_BY, CREATED_AT, UPDATED_BY, UPDATED_AT)
VALUES 
(2, 1, 2, 2, 2, 'toratora', 'm2.png', 1, 0, 20, 0, 20, 0, 10, 4, 3, 3, 5, 3, 5, 4, 'nori', SYSDATE, null, SYSDATE);

INSERT INTO ORACLE_USER.M_MONSTER 
(MONSTER_ID, PLAYER_ID, MONSTER_TYPE_ID, MONSTER_ATTRIBUTE_ID, MONSTER_IMG_ID, MONSTER_NAME, IMG_FILE_NAME, LV, EXPERIENCE, HP, MP, HP_MAX, MP_MAX, ATTACK_POWER, DEFENSE_POWER, MAGIC_ATTACK, MAGIC_HEALING, STRENGTH, DEFENSE, AGILITY, DEXTERITY, CREATED_BY, CREATED_AT, UPDATED_BY, UPDATED_AT)
VALUES 
(3, 1, 3, 1, 3, 'unchi', 'm3.png', 1, 0, 20, 0, 20, 0, 10, 2, 5, 1, 4, 1, 6, 2, 'nori', SYSDATE, null, SYSDATE);

INSERT INTO ORACLE_USER.M_MONSTER 
(MONSTER_ID, PLAYER_ID, MONSTER_TYPE_ID, MONSTER_ATTRIBUTE_ID, MONSTER_IMG_ID, MONSTER_NAME, IMG_FILE_NAME, LV, EXPERIENCE, HP, MP, HP_MAX, MP_MAX, ATTACK_POWER, DEFENSE_POWER, MAGIC_ATTACK, MAGIC_HEALING, STRENGTH, DEFENSE, AGILITY, DEXTERITY, CREATED_BY, CREATED_AT, UPDATED_BY, UPDATED_AT)
VALUES 
(4, 2, 1, 3, 4, 'pukupuku', 'm4.png', 1, 0, 20, 0, 20, 0, 10, 5, 3, 2, 5, 2, 4, 3, 'nori', SYSDATE, null, SYSDATE);

INSERT INTO ORACLE_USER.M_MONSTER 
(MONSTER_ID, PLAYER_ID, MONSTER_TYPE_ID, MONSTER_ATTRIBUTE_ID, MONSTER_IMG_ID, MONSTER_NAME, IMG_FILE_NAME, LV, EXPERIENCE, HP, MP, HP_MAX, MP_MAX, ATTACK_POWER, DEFENSE_POWER, MAGIC_ATTACK, MAGIC_HEALING, STRENGTH, DEFENSE, AGILITY, DEXTERITY, CREATED_BY, CREATED_AT, UPDATED_BY, UPDATED_AT)
VALUES 
(5, 2, 2, 1, 5, 'warawara', 'm5.png', 1, 0, 20, 0, 20, 0, 10, 3, 4, 2, 6, 3, 5, 2, 'nori', SYSDATE, null, SYSDATE);

-- モンスター属性マスタへのデータ挿入
INSERT INTO M_MONSTER_ATTRIBUTE (MONSTER_ATTRIBUTE_ID, MONSTER_ATTRIBUTE_NAME, CREATED_BY) VALUES (1, '火', 'nori');
INSERT INTO M_MONSTER_ATTRIBUTE (MONSTER_ATTRIBUTE_ID, MONSTER_ATTRIBUTE_NAME, CREATED_BY) VALUES (2, '水', 'nori');
INSERT INTO M_MONSTER_ATTRIBUTE (MONSTER_ATTRIBUTE_ID, MONSTER_ATTRIBUTE_NAME, CREATED_BY) VALUES (3, '風', 'nori');
INSERT INTO M_MONSTER_ATTRIBUTE (MONSTER_ATTRIBUTE_ID, MONSTER_ATTRIBUTE_NAME, CREATED_BY) VALUES (4, '土', 'nori');

-- モンスタータイプマスタへのデータ挿入
INSERT INTO M_MONSTER_TYPE (MONSTER_TYPE_ID, MONSTER_TYPE_NAME, CREATED_BY) VALUES (1, 'ドラゴン', 'nori');
INSERT INTO M_MONSTER_TYPE (MONSTER_TYPE_ID, MONSTER_TYPE_NAME, CREATED_BY) VALUES (2, 'フェアリー', 'nori');
INSERT INTO M_MONSTER_TYPE (MONSTER_TYPE_ID, MONSTER_TYPE_NAME, CREATED_BY) VALUES (3, '獣', 'nori');
INSERT INTO M_MONSTER_TYPE (MONSTER_TYPE_ID, MONSTER_TYPE_NAME, CREATED_BY) VALUES (4, 'アンデッド', 'nori');

-- プレイヤーマスタへのデータ挿入
INSERT INTO M_PLAYER (PLAYER_ID, PLAYER_NAME, LV, EXPERIENCE, CREATED_BY) VALUES (1, 'のり', 1, 0, 'nori');
INSERT INTO M_PLAYER (PLAYER_ID, PLAYER_NAME, LV, EXPERIENCE, CREATED_BY) VALUES (2, 'ひろき', 1, 0, 'nori');
INSERT INTO M_PLAYER (PLAYER_ID, PLAYER_NAME, LV, EXPERIENCE, CREATED_BY) VALUES (3, 'さき', 1, 0, 'nori');
INSERT INTO M_PLAYER (PLAYER_ID, PLAYER_NAME, LV, EXPERIENCE, CREATED_BY) VALUES (4, 'まさみ', 1, 0, 'nori');

commit;
